<?xml version="1.0" encoding="UTF-8"?>
<project-private xmlns="http://www.netbeans.org/ns/project-private/1">
    <editor-bookmarks xmlns="http://www.netbeans.org/ns/editor-bookmarks/2" lastBookmarkId="0"/>
    <open-files xmlns="http://www.netbeans.org/ns/projectui-open-files/2">
        <group>
            <file>file:/C:/Users/david/Downloads/projcadUpdate-main/projcadUpdate-main/projcadupdt-main/projetoCad/src/model/UsuarioDao.java</file>
            <file>file:/C:/Users/david/Downloads/projcadUpdate-main/projcadUpdate-main/projcadupdt-main/projetoCad/src/model/ConectarDao.java</file>
            <file>file:/C:/Users/david/Downloads/projcadUpdate-main/projcadUpdate-main/projcadupdt-main/projetoCad/src/view/FormLogin.java</file>
            <file>file:/C:/Users/david/Downloads/projcadUpdate-main/projcadUpdate-main/projcadupdt-main/projetoCad/src/model/Usuario.java</file>
            <file>file:/C:/Users/david/Downloads/projcadUpdate-main/projcadUpdate-main/projcadupdt-main/projetoCad/src/view/formCli.java</file>
            <file>file:/C:/Users/david/Downloads/projcadUpdate-main/projcadUpdate-main/projcadupdt-main/projetoCad/src/view/Sabor.java</file>
        </group>
    </open-files>
</project-private>
